LINEA;SUPERFICIE;PROFILO;ALTEZZA;VOLUME (CC);LARGHEZZA/DIAMETRO (cm);ALTEZZA (cm);PROIEZIONE (cm);ARCO (cm);CODICE PRODOTTO;SIZER GEL;COESIVITA';
Protesi Rotonde Lisce;Lisce;Moderato Plus;Rotonda;125;8.9;-;2.8;-;3501251BC;RSZ1251;Coesivo I;
Protesi Rotonde Lisce;Lisce;Moderato Plus;Rotonda;150;9.5;-;2.9;-;3501501BC;RSZ1501;Coesivo I;
Protesi Rotonde Lisce;Lisce;Moderato Plus;Rotonda;175;10;-;3.1;-;3501751BC;RSZ1751;Coesivo I;
Protesi Rotonde Lisce;Lisce;Moderato Plus;Rotonda;200;10.5;-;3.2;-;3502001BC;RSZ2001;Coesivo I;
Protesi Rotonde Lisce;Lisce;Moderato Plus;Rotonda;225;10.9;-;3.3;-;3502251BC;RSZ2251;Coesivo I;
Protesi Rotonde Lisce;Lisce;Moderato Plus;Rotonda;250;11.3;-;3.4;-;3502501BC;RSZ2501;Coesivo I;
Protesi Rotonde Lisce;Lisce;Moderato Plus;Rotonda;275;11.7;-;3.5;-;3502751BC;RSZ2751;Coesivo I;
Protesi Rotonde Lisce;Lisce;Moderato Plus;Rotonda;300;12;-;3.6;-;3503001BC;RSZ3001;Coesivo I;
Protesi Rotonde Lisce;Lisce;Moderato Plus;Rotonda;325;12.3;-;3.8;-;3503251BC;RSZ3251;Coesivo I;
Protesi Rotonde Lisce;Lisce;Moderato Plus;Rotonda;350;12.5;-;3.9;-;3503501BC;RSZ3501;Coesivo I;
Protesi Rotonde Lisce;Lisce;Moderato Plus;Rotonda;375;12.8;-;4;-;3503751BC;RSZ3751;Coesivo I;
Protesi Rotonde Lisce;Lisce;Moderato Plus;Rotonda;400;13.1;-;4;-;3504001BC;RSZ4001;Coesivo I;
Protesi Rotonde Lisce;Lisce;Moderato Plus;Rotonda;450;13.6;-;4.2;-;3504501BC;RSZ4501;Coesivo I;
Protesi Rotonde Lisce;Lisce;Moderato Plus;Rotonda;500;14.1;-;4.3;-;3505001BC;RSZ5001;Coesivo I;
Protesi Rotonde Lisce;Lisce;Moderato Plus;Rotonda;550;14.6;-;4.5;-;3505501BC;RSZ5501;Coesivo I;
Protesi Rotonde Lisce;Lisce;Moderato Plus;Rotonda;600;15;-;4.6;-;3506001BC;RSZ6001;Coesivo I;
Protesi Rotonde Lisce;Lisce;Moderato Plus;Rotonda;700;15.8;-;4.9;-;3507001BC;RSZ7001;Coesivo I;
Protesi Rotonde Lisce;Lisce;Moderato Plus;Rotonda;800;16.5;-;5.1;-;3508001BC;RSZ8001;Coesivo I;
Protesi Rotonde Lisce;Lisce;Alto;Rotonda;125;8.3;-;3.5;-;3501254BC;RSZ1254;Coesivo I;
Protesi Rotonde Lisce;Lisce;Alto;Rotonda;150;8.8;-;3.7;-;3501504BC;RSZ1504;Coesivo I;
Protesi Rotonde Lisce;Lisce;Alto;Rotonda;175;9.3;-;3.9;-;3501754BC;RSZ1754;Coesivo I;
Protesi Rotonde Lisce;Lisce;Alto;Rotonda;200;9.7;-;4;-;3502004BC;RSZ2004;Coesivo I;
Protesi Rotonde Lisce;Lisce;Alto;Rotonda;225;10.1;-;4.2;-;3502254BC;RSZ2254;Coesivo I;
Protesi Rotonde Lisce;Lisce;Alto;Rotonda;250;10.5;-;4.3;-;3502504BC;RSZ2504;Coesivo I;
Protesi Rotonde Lisce;Lisce;Alto;Rotonda;275;10.8;-;4.4;-;3502754BC;RSZ2754;Coesivo I;
Protesi Rotonde Lisce;Lisce;Alto;Rotonda;300;11.1;-;4.5;-;3503004BC;RSZ3004;Coesivo I;
Protesi Rotonde Lisce;Lisce;Alto;Rotonda;325;11.4;-;4.6;-;3503254BC;RSZ3254;Coesivo I;
Protesi Rotonde Lisce;Lisce;Alto;Rotonda;350;11.7;-;4.8;-;3503504BC;RSZ3504;Coesivo I;
Protesi Rotonde Lisce;Lisce;Alto;Rotonda;375;12;-;4.8;-;3503754BC;RSZ3754;Coesivo I;
Protesi Rotonde Lisce;Lisce;Alto;Rotonda;400;12.2;-;5;-;3504004BC;RSZ4004;Coesivo I;
Protesi Rotonde Lisce;Lisce;Alto;Rotonda;425;12.5;-;5;-;3504254BC;RSZ4254;Coesivo I;
Protesi Rotonde Lisce;Lisce;Alto;Rotonda;450;12.8;-;5.1;-;3504504BC;RSZ4504;Coesivo I;
Protesi Rotonde Lisce;Lisce;Alto;Rotonda;500;13.2;-;5.3;-;3505004BC;RSZ5004;Coesivo I;
Protesi Rotonde Lisce;Lisce;Alto;Rotonda;550;13.6;-;5.5;-;3505504BC;RSZ5504;Coesivo I;
Protesi Rotonde Lisce;Lisce;Alto;Rotonda;600;14;-;5.6;-;3506004BC;RSZ6004;Coesivo I;
Protesi Rotonde Lisce;Lisce;Alto;Rotonda;650;14.4;-;5.7;-;3506504BC;RSZ6504;Coesivo I;
Protesi Rotonde Lisce;Lisce;Alto;Rotonda;700;14.8;-;5.8;-;3507004BC;RSZ7004;Coesivo I;
Protesi Rotonde Lisce;Lisce;Alto;Rotonda;800;15.5;-;6;-;3508004BC;RSZ8004;Coesivo I;
Protesi Rotonde Lisce;Lisce;Ultra Alto;Rotonda;135;7.8;-;4.1;-;3505135BC;RSZ5135;Coesivo I;
Protesi Rotonde Lisce;Lisce;Ultra Alto;Rotonda;160;8.2;-;4.3;-;3505160BC;RSZ5160;Coesivo I;
Protesi Rotonde Lisce;Lisce;Ultra Alto;Rotonda;185;8.4;-;4.4;-;3505185BC;RSZ5185;Coesivo I;
Protesi Rotonde Lisce;Lisce;Ultra Alto;Rotonda;215;8.7;-;4.5;-;3505215BC;RSZ5215;Coesivo I;
Protesi Rotonde Lisce;Lisce;Ultra Alto;Rotonda;240;9;-;4.7;-;3505240BC;RSZ5240;Coesivo I;
Protesi Rotonde Lisce;Lisce;Ultra Alto;Rotonda;270;9.3;-;4.8;-;3505270BC;RSZ5270;Coesivo I;
Protesi Rotonde Lisce;Lisce;Ultra Alto;Rotonda;295;9.7;-;5;-;3505295BC;RSZ5295;Coesivo I;
Protesi Rotonde Lisce;Lisce;Ultra Alto;Rotonda;320;9.8;-;5.1;-;3505320BC;RSZ5320;Coesivo I;
Protesi Rotonde Lisce;Lisce;Ultra Alto;Rotonda;350;10.1;-;5.2;-;3505350BC;RSZ5350;Coesivo I;
Protesi Rotonde Lisce;Lisce;Ultra Alto;Rotonda;375;10.4;-;5.3;-;3505375BC;RSZ5375;Coesivo I;
Protesi Rotonde Lisce;Lisce;Ultra Alto;Rotonda;400;10.6;-;5.4;-;3505400BC;RSZ5400;Coesivo I;
Protesi Rotonde Lisce;Lisce;Ultra Alto;Rotonda;430;10.9;-;5.6;-;3505430BC;RSZ5430;Coesivo I;
Protesi Rotonde Lisce;Lisce;Ultra Alto;Rotonda;455;11.2;-;5.7;-;3505455BC;RSZ5455;Coesivo I;
Protesi Rotonde Lisce;Lisce;Ultra Alto;Rotonda;480;11.4;-;5.8;-;3505480BC;RSZ5480;Coesivo I;
Protesi Rotonde Lisce;Lisce;Ultra Alto;Rotonda;535;12;-;6.1;-;3505535BC;RSZ5535;Coesivo I;
Protesi Rotonde Lisce;Lisce;Ultra Alto;Rotonda;590;12.5;-;6.3;-;3505590BC;RSZ5590;Coesivo I;
Protesi Rotonde SILTEXÂź;SILTEXÂź Microtesturizzate;Moderato Plus;Rotonda;100;8.1;-;2.7;-;3541001;-;Coesivo I;
Protesi Rotonde SILTEXÂź;SILTEXÂź Microtesturizzate;Moderato Plus;Rotonda;125;8.8;-;2.9;-;3541251;RSZ1251;Coesivo I;
Protesi Rotonde SILTEXÂź;SILTEXÂź Microtesturizzate;Moderato Plus;Rotonda;150;9.4;-;3;-;3541501;RSZ1501;Coesivo I;
Protesi Rotonde SILTEXÂź;SILTEXÂź Microtesturizzate;Moderato Plus;Rotonda;175;10;-;3.2;-;3541751;RSZ1751;Coesivo I;
Protesi Rotonde SILTEXÂź;SILTEXÂź Microtesturizzate;Moderato Plus;Rotonda;200;10.5;-;3.3;-;3542001;RSZ2001;Coesivo I;
Protesi Rotonde SILTEXÂź;SILTEXÂź Microtesturizzate;Moderato Plus;Rotonda;225;10.9;-;3.5;-;3542251;RSZ2251;Coesivo I;
Protesi Rotonde SILTEXÂź;SILTEXÂź Microtesturizzate;Moderato Plus;Rotonda;250;11.3;-;3.6;-;3542501;RSZ2501;Coesivo I;
Protesi Rotonde SILTEXÂź;SILTEXÂź Microtesturizzate;Moderato Plus;Rotonda;275;11.7;-;3.7;-;3542751;RSZ2751;Coesivo I;
Protesi Rotonde SILTEXÂź;SILTEXÂź Microtesturizzate;Moderato Plus;Rotonda;300;12;-;3.7;-;3543001;RSZ3001;Coesivo I;
Protesi Rotonde SILTEXÂź;SILTEXÂź Microtesturizzate;Moderato Plus;Rotonda;325;12.3;-;3.8;-;3543251;RSZ3251;Coesivo I;
Protesi Rotonde SILTEXÂź;SILTEXÂź Microtesturizzate;Moderato Plus;Rotonda;350;12.6;-;3.8;-;3543501;RSZ3501;Coesivo I;
Protesi Rotonde SILTEXÂź;SILTEXÂź Microtesturizzate;Moderato Plus;Rotonda;375;12.9;-;3.9;-;3543751;RSZ3751;Coesivo I;
Protesi Rotonde SILTEXÂź;SILTEXÂź Microtesturizzate;Moderato Plus;Rotonda;400;13.2;-;4;-;3544001;RSZ4001;Coesivo I;
Protesi Rotonde SILTEXÂź;SILTEXÂź Microtesturizzate;Moderato Plus;Rotonda;450;13.7;-;4.1;-;3544501;RSZ4501;Coesivo I;
Protesi Rotonde SILTEXÂź;SILTEXÂź Microtesturizzate;Moderato Plus;Rotonda;500;14.1;-;4.2;-;3545001;RSZ5001;Coesivo I;
Protesi Rotonde SILTEXÂź;SILTEXÂź Microtesturizzate;Moderato Plus;Rotonda;550;14.4;-;4.4;-;3545501;RSZ5501;Coesivo I;
Protesi Rotonde SILTEXÂź;SILTEXÂź Microtesturizzate;Moderato Plus;Rotonda;600;14.7;-;4.5;-;3546001;RSZ6001;Coesivo I;
Protesi Rotonde SILTEXÂź;SILTEXÂź Microtesturizzate;Moderato Plus;Rotonda;700;15.7;-;4.8;-;3547001;RSZ7001;Coesivo I;
Protesi Rotonde SILTEXÂź;SILTEXÂź Microtesturizzate;Moderato Plus;Rotonda;800;16.6;-;5;-;3548001;RSZ8001;Coesivo I;
Protesi Rotonde SILTEXÂź;SILTEXÂź Microtesturizzate;Alto;Rotonda;125;8.4;-;3.6;-;3544125;RSZ1254;Coesivo I;
Protesi Rotonde SILTEXÂź;SILTEXÂź Microtesturizzate;Alto;Rotonda;150;8.9;-;3.8;-;3544150;RSZ1504;Coesivo I;
Protesi Rotonde SILTEXÂź;SILTEXÂź Microtesturizzate;Alto;Rotonda;175;9.4;-;4;-;3544175;RSZ1754;Coesivo I;
Protesi Rotonde SILTEXÂź;SILTEXÂź Microtesturizzate;Alto;Rotonda;200;9.9;-;4.1;-;3544200;RSZ2004;Coesivo I;
Protesi Rotonde SILTEXÂź;SILTEXÂź Microtesturizzate;Alto;Rotonda;225;10.2;-;4.3;-;3544225;RSZ2254;Coesivo I;
Protesi Rotonde SILTEXÂź;SILTEXÂź Microtesturizzate;Alto;Rotonda;250;10.5;-;4.5;-;3544250;RSZ2504;Coesivo I;
Protesi Rotonde SILTEXÂź;SILTEXÂź Microtesturizzate;Alto;Rotonda;275;10.9;-;4.6;-;3544275;RSZ2754;Coesivo I;
Protesi Rotonde SILTEXÂź;SILTEXÂź Microtesturizzate;Alto;Rotonda;300;11.1;-;4.7;-;3544300;RSZ3004;Coesivo I;
Protesi Rotonde SILTEXÂź;SILTEXÂź Microtesturizzate;Alto;Rotonda;325;11.5;-;4.8;-;3544325;RSZ3254;Coesivo I;
Protesi Rotonde SILTEXÂź;SILTEXÂź Microtesturizzate;Alto;Rotonda;350;11.7;-;4.9;-;3544350;RSZ3504;Coesivo I;
Protesi Rotonde SILTEXÂź;SILTEXÂź Microtesturizzate;Alto;Rotonda;375;12;-;5;-;3544375;RSZ3754;Coesivo I;
Protesi Rotonde SILTEXÂź;SILTEXÂź Microtesturizzate;Alto;Rotonda;400;12.3;-;5.1;-;3544400;RSZ4004;Coesivo I;
Protesi Rotonde SILTEXÂź;SILTEXÂź Microtesturizzate;Alto;Rotonda;425;12.5;-;5.2;-;3544425;RSZ4254;Coesivo I;
Protesi Rotonde SILTEXÂź;SILTEXÂź Microtesturizzate;Alto;Rotonda;450;12.7;-;5.2;-;3544450;RSZ4504;Coesivo I;
Protesi Rotonde SILTEXÂź;SILTEXÂź Microtesturizzate;Alto;Rotonda;500;13.2;-;5.4;-;3544500;RSZ5004;Coesivo I;
Protesi Rotonde SILTEXÂź;SILTEXÂź Microtesturizzate;Alto;Rotonda;550;13.5;-;5.6;-;3544550;RSZ5504;Coesivo I;
Protesi Rotonde SILTEXÂź;SILTEXÂź Microtesturizzate;Alto;Rotonda;600;14;-;5.7;-;3544600;RSZ6004;Coesivo I;
Protesi Rotonde SILTEXÂź;SILTEXÂź Microtesturizzate;Alto;Rotonda;650;14.3;-;5.8;-;3544650;RSZ6504;Coesivo I;
Protesi Rotonde SILTEXÂź;SILTEXÂź Microtesturizzate;Alto;Rotonda;700;14.7;-;6;-;3544700;RSZ7004;Coesivo I;
Protesi Rotonde SILTEXÂź;SILTEXÂź Microtesturizzate;Alto;Rotonda;800;15.4;-;6.3;-;3544800;RSZ8004;Coesivo I;
Protesi Rotonde SILTEXÂź;SILTEXÂź Microtesturizzate;Ultra Alto;Rotonda;135;8;-;4.3;-;3545135;RSZ5135;Coesivo I;
Protesi Rotonde SILTEXÂź;SILTEXÂź Microtesturizzate;Ultra Alto;Rotonda;160;8.4;-;4.5;-;3545160;RSZ5160;Coesivo I;
Protesi Rotonde SILTEXÂź;SILTEXÂź Microtesturizzate;Ultra Alto;Rotonda;185;8.6;-;4.6;-;3545185;RSZ5185;Coesivo I;
Protesi Rotonde SILTEXÂź;SILTEXÂź Microtesturizzate;Ultra Alto;Rotonda;215;8.9;-;4.7;-;3545215;RSZ5215;Coesivo I;
Protesi Rotonde SILTEXÂź;SILTEXÂź Microtesturizzate;Ultra Alto;Rotonda;240;9.2;-;4.9;-;3545240;RSZ5240;Coesivo I;
Protesi Rotonde SILTEXÂź;SILTEXÂź Microtesturizzate;Ultra Alto;Rotonda;270;9.5;-;5;-;3545270;RSZ5270;Coesivo I;
Protesi Rotonde SILTEXÂź;SILTEXÂź Microtesturizzate;Ultra Alto;Rotonda;295;9.9;-;5.2;-;3545295;RSZ5295;Coesivo I;
Protesi Rotonde SILTEXÂź;SILTEXÂź Microtesturizzate;Ultra Alto;Rotonda;320;10;-;5.3;-;3545320;RSZ5320;Coesivo I;
Protesi Rotonde SILTEXÂź;SILTEXÂź Microtesturizzate;Ultra Alto;Rotonda;350;10.3;-;5.4;-;3545350;RSZ5350;Coesivo I;
Protesi Rotonde SILTEXÂź;SILTEXÂź Microtesturizzate;Ultra Alto;Rotonda;375;10.5;-;5.5;-;3545375;RSZ5375;Coesivo I;
Protesi Rotonde SILTEXÂź;SILTEXÂź Microtesturizzate;Ultra Alto;Rotonda;400;10.8;-;5.6;-;3545400;RSZ5400;Coesivo I;
Protesi Rotonde SILTEXÂź;SILTEXÂź Microtesturizzate;Ultra Alto;Rotonda;430;11.1;-;5.8;-;3545430;RSZ5430;Coesivo I;
Protesi Rotonde SILTEXÂź;SILTEXÂź Microtesturizzate;Ultra Alto;Rotonda;455;11.3;-;5.9;-;3545455;RSZ5455;Coesivo I;
Protesi Rotonde SILTEXÂź;SILTEXÂź Microtesturizzate;Ultra Alto;Rotonda;480;11.6;-;6;-;3545480;RSZ5480;Coesivo I;
Protesi Rotonde SILTEXÂź;SILTEXÂź Microtesturizzate;Ultra Alto;Rotonda;535;12.1;-;6.3;-;3545535;RSZ5535;Coesivo I;
Protesi Rotonde SILTEXÂź;SILTEXÂź Microtesturizzate;Ultra Alto;Rotonda;590;12.6;-;6.5;-;3545590;RSZ5590;Coesivo I;
Protesi Rotonde SILTEXÂź;SILTEXÂź Microtesturizzate;Moderato Plus;Rotonda;125;8.8;-;2.9;-;3245125;RSZ1251;Coesivo II;
Protesi Rotonde SILTEXÂź;SILTEXÂź Microtesturizzate;Moderato Plus;Rotonda;150;9.4;-;3;-;3245150;RSZ1501;Coesivo II;
Protesi Rotonde SILTEXÂź;SILTEXÂź Microtesturizzate;Moderato Plus;Rotonda;175;10;-;3.2;-;3245175;RSZ1751;Coesivo II;
Protesi Rotonde SILTEXÂź;SILTEXÂź Microtesturizzate;Moderato Plus;Rotonda;200;10.5;-;3.3;-;3245200;RSZ2001;Coesivo II;
Protesi Rotonde SILTEXÂź;SILTEXÂź Microtesturizzate;Moderato Plus;Rotonda;225;10.9;-;3.5;-;3245225;RSZ2251;Coesivo II;
Protesi Rotonde SILTEXÂź;SILTEXÂź Microtesturizzate;Moderato Plus;Rotonda;250;11.3;-;3.6;-;3245250;RSZ2501;Coesivo II;
Protesi Rotonde SILTEXÂź;SILTEXÂź Microtesturizzate;Moderato Plus;Rotonda;275;11.7;-;3.7;-;3245275;RSZ2751;Coesivo II;
Protesi Rotonde SILTEXÂź;SILTEXÂź Microtesturizzate;Moderato Plus;Rotonda;300;12;-;3.7;-;3245300;RSZ3001;Coesivo II;
Protesi Rotonde SILTEXÂź;SILTEXÂź Microtesturizzate;Moderato Plus;Rotonda;325;12.3;-;3.8;-;3245325;RSZ3251;Coesivo II;
Protesi Rotonde SILTEXÂź;SILTEXÂź Microtesturizzate;Moderato Plus;Rotonda;350;12.6;-;3.8;-;3245350;RSZ3501;Coesivo II;
Protesi Rotonde SILTEXÂź;SILTEXÂź Microtesturizzate;Moderato Plus;Rotonda;375;12.9;-;3.9;-;3245375;RSZ3751;Coesivo II;
Protesi Rotonde SILTEXÂź;SILTEXÂź Microtesturizzate;Moderato Plus;Rotonda;400;13.2;-;4;-;3245400;RSZ4001;Coesivo II;
Protesi Rotonde SILTEXÂź;SILTEXÂź Microtesturizzate;Moderato Plus;Rotonda;450;13.7;-;4.1;-;3245450;RSZ4501;Coesivo II;
Protesi Rotonde SILTEXÂź;SILTEXÂź Microtesturizzate;Moderato Plus;Rotonda;500;14.1;-;4.2;-;3245500;RSZ5001;Coesivo II;
Protesi Rotonde SILTEXÂź;SILTEXÂź Microtesturizzate;Moderato Plus;Rotonda;550;14.4;-;4.4;-;3245550;RSZ5501;Coesivo II;
Protesi Rotonde SILTEXÂź;SILTEXÂź Microtesturizzate;Moderato Plus;Rotonda;600;14.7;-;4.5;-;3245600;RSZ6001;Coesivo II;
Protesi Rotonde SILTEXÂź;SILTEXÂź Microtesturizzate;Moderato Plus;Rotonda;700;15.7;-;4.8;-;3245700;RSZ7001;Coesivo II;
Protesi Rotonde SILTEXÂź;SILTEXÂź Microtesturizzate;Moderato Plus;Rotonda;800;16.6;-;5;-;3245800;RSZ8001;Coesivo II;
Protesi Rotonde SILTEXÂź;SILTEXÂź Microtesturizzate;Alto;Rotonda;125;8.4;-;3.6;-;3244125;RSZ1254;Coesivo II;
Protesi Rotonde SILTEXÂź;SILTEXÂź Microtesturizzate;Alto;Rotonda;150;8.9;-;3.8;-;3244150;RSZ1504;Coesivo II;
Protesi Rotonde SILTEXÂź;SILTEXÂź Microtesturizzate;Alto;Rotonda;175;9.4;-;4;-;3244175;RSZ1754;Coesivo II;
Protesi Rotonde SILTEXÂź;SILTEXÂź Microtesturizzate;Alto;Rotonda;200;9.9;-;4.1;-;3244200;RSZ2004;Coesivo II;
Protesi Rotonde SILTEXÂź;SILTEXÂź Microtesturizzate;Alto;Rotonda;225;10.2;-;4.3;-;3244225;RSZ2254;Coesivo II;
Protesi Rotonde SILTEXÂź;SILTEXÂź Microtesturizzate;Alto;Rotonda;250;10.5;-;4.5;-;3244250;RSZ2504;Coesivo II;
Protesi Rotonde SILTEXÂź;SILTEXÂź Microtesturizzate;Alto;Rotonda;275;10.9;-;4.6;-;3244275;RSZ2754;Coesivo II;
Protesi Rotonde SILTEXÂź;SILTEXÂź Microtesturizzate;Alto;Rotonda;300;11.1;-;4.7;-;3244300;RSZ3004;Coesivo II;
Protesi Rotonde SILTEXÂź;SILTEXÂź Microtesturizzate;Alto;Rotonda;325;11.5;-;4.8;-;3244325;RSZ3254;Coesivo II;
Protesi Rotonde SILTEXÂź;SILTEXÂź Microtesturizzate;Alto;Rotonda;350;11.7;-;4.9;-;3244350;RSZ3504;Coesivo II;
Protesi Rotonde SILTEXÂź;SILTEXÂź Microtesturizzate;Alto;Rotonda;375;12;-;5;-;3244375;RSZ3754;Coesivo II;
Protesi Rotonde SILTEXÂź;SILTEXÂź Microtesturizzate;Alto;Rotonda;400;12.3;-;5.1;-;3244400;RSZ4004;Coesivo II;
Protesi Rotonde SILTEXÂź;SILTEXÂź Microtesturizzate;Alto;Rotonda;425;12.5;-;5.2;-;3244425;RSZ4254;Coesivo II;
Protesi Rotonde SILTEXÂź;SILTEXÂź Microtesturizzate;Alto;Rotonda;450;12.7;-;5.2;-;3244450;RSZ4504;Coesivo II;
Protesi Rotonde SILTEXÂź;SILTEXÂź Microtesturizzate;Alto;Rotonda;500;13.2;-;5.4;-;3244500;RSZ5004;Coesivo II;
Protesi Rotonde SILTEXÂź;SILTEXÂź Microtesturizzate;Alto;Rotonda;550;13.5;-;5.6;-;3244550;RSZ5504;Coesivo II;
Protesi Rotonde SILTEXÂź;SILTEXÂź Microtesturizzate;Alto;Rotonda;600;14;-;5.7;-;3244600;RSZ6004;Coesivo II;
Protesi Rotonde SILTEXÂź;SILTEXÂź Microtesturizzate;Alto;Rotonda;650;14.3;-;5.8;-;3244650;RSZ6504;Coesivo II;
Protesi Rotonde SILTEXÂź;SILTEXÂź Microtesturizzate;Alto;Rotonda;700;14.7;-;6;-;3244700;RSZ7004;Coesivo II;
Protesi Rotonde SILTEXÂź;SILTEXÂź Microtesturizzate;Alto;Rotonda;800;15.4;-;6.3;-;3244800;RSZ8004;Coesivo II;
Memory GelÂź Xtra Lisce;Lisce;Moderato Plus;Rotonda;130;8.9;-;3.1;6.6;SMPX130;RSZMPX130;Coesivo I;
Memory GelÂź Xtra Lisce;Lisce;Moderato Plus;Rotonda;160;9.5;-;3.3;6.9;SMPX160;RSZMPX160;Coesivo I;
Memory GelÂź Xtra Lisce;Lisce;Moderato Plus;Rotonda;190;10;-;3.4;7.3;SMPX190;RSZMPX190;Coesivo I;
Memory GelÂź Xtra Lisce;Lisce;Moderato Plus;Rotonda;215;10.4;-;3.6;7.5;SMPX215;RSZMPX215;Coesivo I;
Memory GelÂź Xtra Lisce;Lisce;Moderato Plus;Rotonda;240;10.8;-;3.7;7.8;SMPX240;RSZMPX240;Coesivo I;
Memory GelÂź Xtra Lisce;Lisce;Moderato Plus;Rotonda;270;11.4;-;3.8;8.1;SMPX270;RSZMPX270;Coesivo I;
Memory GelÂź Xtra Lisce;Lisce;Moderato Plus;Rotonda;295;11.5;-;4;8.3;SMPX295;RSZMPX295;Coesivo I;
Memory GelÂź Xtra Lisce;Lisce;Moderato Plus;Rotonda;325;11.9;-;4.1;8.5;SMPX325;RSZMPX325;Coesivo I;
Memory GelÂź Xtra Lisce;Lisce;Moderato Plus;Rotonda;350;12.3;-;4.1;8.7;SMPX350;RSZMPX350;Coesivo I;
Memory GelÂź Xtra Lisce;Lisce;Moderato Plus;Rotonda;370;12.6;-;4.1;8.9;SMPX370;RSZMPX370;Coesivo I;
Memory GelÂź Xtra Lisce;Lisce;Moderato Plus;Rotonda;405;12.7;-;4.4;9.1;SMPX405;RSZMPX405;Coesivo I;
Memory GelÂź Xtra Lisce;Lisce;Moderato Plus;Rotonda;440;13.1;-;4.5;9.3;SMPX440;RSZMPX440;Coesivo I;
Memory GelÂź Xtra Lisce;Lisce;Moderato Plus;Rotonda;490;13.6;-;4.7;9.7;SMPX490;RSZMPX490;Coesivo I;
Memory GelÂź Xtra Lisce;Lisce;Moderato Plus;Rotonda;545;14;-;4.9;10.0;SMPX545;RSZMPX545;Coesivo I;
Memory GelÂź Xtra Lisce;Lisce;Moderato Plus;Rotonda;605;14.5;-;5.1;10.3;SMPX605;RSZMPX605;Coesivo I;
Memory GelÂź Xtra Lisce;Lisce;Moderato Plus;Rotonda;645;14.9;-;5.1;10.6;SMPX645;RSZMPX645;Coesivo I;
Memory GelÂź Xtra Lisce;Lisce;Moderato Plus;Rotonda;755;15.7;-;5.4;11.1;SMPX755;RSZMPX755;Coesivo I;
Memory GelÂź Xtra Lisce;Lisce;Alto;Rotonda;150;8.3;-;4.1;6.9;SHPX150;RSZSHPX150;Coesivo I;
Memory GelÂź Xtra Lisce;Lisce;Alto;Rotonda;180;8.8;-;4.4;7.3;SHPX180;RSZSHPX180;Coesivo I;
Memory GelÂź Xtra Lisce;Lisce;Alto;Rotonda;200;9.2;-;4.5;7.6;SHPX200;RSZSHPX200;Coesivo I;
Memory GelÂź Xtra Lisce;Lisce;Alto;Rotonda;235;9.5;-;4.9;8.0;SHPX235;RSZSHPX235;Coesivo I;
Memory GelÂź Xtra Lisce;Lisce;Alto;Rotonda;260;9.9;-;5;8.2;SHPX260;RSZSHPX260;Coesivo I;
Memory GelÂź Xtra Lisce;Lisce;Alto;Rotonda;285;10.3;-;5;8.5;SHPX285;RSZSHPX285;Coesivo I;
Memory GelÂź Xtra Lisce;Lisce;Alto;Rotonda;335;10.7;-;5.4;8.8;SHPX335;RSZSHPX335;Coesivo I;
Memory GelÂź Xtra Lisce;Lisce;Alto;Rotonda;355;11;-;5.5;9.0;SHPX355;RSZSHPX355;Coesivo I;
Memory GelÂź Xtra Lisce;Lisce;Alto;Rotonda;380;11.3;-;5.5;9.2;SHPX380;RSZSHPX380;Coesivo I;
Memory GelÂź Xtra Lisce;Lisce;Alto;Rotonda;415;11.5;-;5.8;9.4;SHPX415;RSZSHPX415;Coesivo I;
Memory GelÂź Xtra Lisce;Lisce;Alto;Rotonda;450;11.9;-;5.9;9.6;SHPX450;RSZSHPX450;Coesivo I;
Memory GelÂź Xtra Lisce;Lisce;Alto;Rotonda;465;12.1;-;5.8;9.8;SHPX465;RSZSHPX465;Coesivo I;
Memory GelÂź Xtra Lisce;Lisce;Alto;Rotonda;490;12.5;-;5.8;10.0;SHPX490;RSZSHPX490;Coesivo I;
Memory GelÂź Xtra Lisce;Lisce;Alto;Rotonda;535;12.7;-;6;10.2;SHPX535;RSZSHPX535;Coesivo I;
Memory GelÂź Xtra Lisce;Lisce;Alto;Rotonda;595;13.1;-;6.3;10.5;SHPX595;RSZSHPX595;Coesivo I;
Memory GelÂź Xtra Lisce;Lisce;Alto;Rotonda;650;13.5;-;6.5;10.9;SHPX650;RSZSHPX650;Coesivo I;
Memory GelÂź Xtra Lisce;Lisce;Alto;Rotonda;700;14.1;-;6.5;11.2;SHPX700;RSZ7004;Coesivo I;
Memory GelÂź Xtra Lisce;Lisce;Alto;Rotonda;755;14.4;-;6.7;11.4;SHPX755;RSZ7554;Coesivo I;
Memory GelÂź Xtra Lisce;Lisce;Alto;Rotonda;790;14.8;-;6.7;11.7;SHPX790;RSZ7904;Coesivo I;
Memory GelÂź Xtra SILTEXÂź;SILTEXÂź Microtesturizzate;Moderato Plus;Rotonda;130;9.1;-;3.1;6.6;TMPX130;RSZMPX130;Coesivo I;
Memory GelÂź Xtra SILTEXÂź;SILTEXÂź Microtesturizzate;Moderato Plus;Rotonda;160;9.5;-;3.3;6.9;TMPX160;RSZMPX160;Coesivo I;
Memory GelÂź Xtra SILTEXÂź;SILTEXÂź Microtesturizzate;Moderato Plus;Rotonda;190;10.1;-;3.5;7.3;TMPX190;RSZMPX190;Coesivo I;
Memory GelÂź Xtra SILTEXÂź;SILTEXÂź Microtesturizzate;Moderato Plus;Rotonda;215;10.5;-;3.6;7.5;TMPX215;RSZMPX215;Coesivo I;
Memory GelÂź Xtra SILTEXÂź;SILTEXÂź Microtesturizzate;Moderato Plus;Rotonda;240;10.9;-;3.8;7.8;TMPX240;RSZMPX240;Coesivo I;
Memory GelÂź Xtra SILTEXÂź;SILTEXÂź Microtesturizzate;Moderato Plus;Rotonda;270;11.4;-;3.9;8.1;TMPX270;RSZMPX270;Coesivo I;
Memory GelÂź Xtra SILTEXÂź;SILTEXÂź Microtesturizzate;Moderato Plus;Rotonda;295;11.6;-;4.1;8.3;TMPX295;RSZMPX295;Coesivo I;
Memory GelÂź Xtra SILTEXÂź;SILTEXÂź Microtesturizzate;Moderato Plus;Rotonda;325;11.9;-;4.2;8.5;TMPX325;RSZMPX325;Coesivo I;
Memory GelÂź Xtra SILTEXÂź;SILTEXÂź Microtesturizzate;Moderato Plus;Rotonda;350;12.2;-;4.3;8.7;TMPX350;RSZMPX350;Coesivo I;
Memory GelÂź Xtra SILTEXÂź;SILTEXÂź Microtesturizzate;Moderato Plus;Rotonda;370;12.7;-;4.3;8.9;TMPX370;RSZMPX370;Coesivo I;
Memory GelÂź Xtra SILTEXÂź;SILTEXÂź Microtesturizzate;Moderato Plus;Rotonda;405;12.8;-;4.5;9.1;TMPX405;RSZMPX405;Coesivo I;
Memory GelÂź Xtra SILTEXÂź;SILTEXÂź Microtesturizzate;Moderato Plus;Rotonda;440;13.1;-;4.8;9.3;TMPX440;RSZMPX440;Coesivo I;
Memory GelÂź Xtra SILTEXÂź;SILTEXÂź Microtesturizzate;Moderato Plus;Rotonda;490;13.6;-;4.8;9.7;TMPX490;RSZMPX490;Coesivo I;
Memory GelÂź Xtra SILTEXÂź;SILTEXÂź Microtesturizzate;Moderato Plus;Rotonda;545;14.1;-;5;10.0;TMPX545;RSZMPX545;Coesivo I;
Memory GelÂź Xtra SILTEXÂź;SILTEXÂź Microtesturizzate;Moderato Plus;Rotonda;605;14.4;-;5.3;10.3;TMPX605;RSZMPX605;Coesivo I;
Memory GelÂź Xtra SILTEXÂź;SILTEXÂź Microtesturizzate;Moderato Plus;Rotonda;645;15;-;5.3;10.6;TMPX645;RSZMPX645;Coesivo I;
Memory GelÂź Xtra SILTEXÂź;SILTEXÂź Microtesturizzate;Moderato Plus;Rotonda;755;15.7;-;5.6;11.1;TMPX755;RSZMPX755;Coesivo I;
Memory GelÂź Xtra SILTEXÂź;SILTEXÂź Microtesturizzate;Alto;Rotonda;150;8.4;-;4.2;6.9;THPX150;RSZTHPX150;Coesivo I;
Memory GelÂź Xtra SILTEXÂź;SILTEXÂź Microtesturizzate;Alto;Rotonda;175;9;-;4.4;7.3;THPX175;RSZTHPX175;Coesivo I;
Memory GelÂź Xtra SILTEXÂź;SILTEXÂź Microtesturizzate;Alto;Rotonda;200;9.4;-;4.5;7.6;THPX200;RSZTHPX200;Coesivo I;
Memory GelÂź Xtra SILTEXÂź;SILTEXÂź Microtesturizzate;Alto;Rotonda;230;9.8;-;4.8;8.0;THPX230;RSZTHPX230;Coesivo I;
Memory GelÂź Xtra SILTEXÂź;SILTEXÂź Microtesturizzate;Alto;Rotonda;255;10.1;-;4.9;8.2;THPX255;RSZTHPX255;Coesivo I;
Memory GelÂź Xtra SILTEXÂź;SILTEXÂź Microtesturizzate;Alto;Rotonda;285;10.5;-;5.1;8.5;THPX285;RSZTHPX285;Coesivo I;
Memory GelÂź Xtra SILTEXÂź;SILTEXÂź Microtesturizzate;Alto;Rotonda;325;10.8;-;5.4;8.8;THPX325;RSZTHPX325;Coesivo I;
Memory GelÂź Xtra SILTEXÂź;SILTEXÂź Microtesturizzate;Alto;Rotonda;340;11.1;-;5.4;9.0;THPX340;RSZTHPX340;Coesivo I;
Memory GelÂź Xtra SILTEXÂź;SILTEXÂź Microtesturizzate;Alto;Rotonda;365;11.4;-;5.5;9.2;THPX365;RSZTHPX365;Coesivo I;
Memory GelÂź Xtra SILTEXÂź;SILTEXÂź Microtesturizzate;Alto;Rotonda;405;11.6;-;5.9;9.4;THPX405;RSZTHPX405;Coesivo I;
Memory GelÂź Xtra SILTEXÂź;SILTEXÂź Microtesturizzate;Alto;Rotonda;425;11.9;-;5.8;9.6;THPX425;RSZTHPX425;Coesivo I;
Memory GelÂź Xtra SILTEXÂź;SILTEXÂź Microtesturizzate;Alto;Rotonda;455;12.1;-;6;9.8;THPX455;RSZTHPX455;Coesivo I;
Memory GelÂź Xtra SILTEXÂź;SILTEXÂź Microtesturizzate;Alto;Rotonda;470;12.3;-;5.9;10.0;THPX470;RSZTHPX470;Coesivo I;
Memory GelÂź Xtra SILTEXÂź;SILTEXÂź Microtesturizzate;Alto;Rotonda;515;12.6;-;6.2;10.2;THPX515;RSZTHPX515;Coesivo I;
Memory GelÂź Xtra SILTEXÂź;SILTEXÂź Microtesturizzate;Alto;Rotonda;570;13.2;-;6.3;10.5;THPX570;RSZTHPX570;Coesivo I;
Memory GelÂź Xtra SILTEXÂź;SILTEXÂź Microtesturizzate;Alto;Rotonda;620;13.4;-;6.5;10.9;THPX620;RSZTHPX620;Coesivo I;
Memory GelÂź Xtra SILTEXÂź;SILTEXÂź Microtesturizzate;Alto;Rotonda;680;14;-;6.6;11.2;THPX680;RSZTHPX680;Coesivo I;
Memory GelÂź Xtra SILTEXÂź;SILTEXÂź Microtesturizzate;Alto;Rotonda;725;14.5;-;6.7;11.4;THPX725;RSZTHPX725;Coesivo I;
Memory GelÂź Xtra SILTEXÂź;SILTEXÂź Microtesturizzate;Alto;Rotonda;765;14.7;-;6.7;11.7;THPX765;RSZTHPX765;Coesivo I;
CPGâą 311;SILTEXÂź Microtesturizzate;Moderato;Bassa;120;9.5;8.5;3.2;6.9;3340951;RSZ0095;Coesivo III;
CPGâą 311;SILTEXÂź Microtesturizzate;Moderato;Bassa;140;10;8.9;3.4;7.2;3341001;RSZ0100;Coesivo III;
CPGâą 311;SILTEXÂź Microtesturizzate;Moderato;Bassa;160;10.5;9.4;3.6;7.5;3341051;RSZ0105;Coesivo III;
CPGâą 311;SILTEXÂź Microtesturizzate;Moderato;Bassa;180;11;9.8;3.7;7.9;3341101;RSZ0110;Coesivo III;
CPGâą 311;SILTEXÂź Microtesturizzate;Moderato;Bassa;210;11.5;10.3;3.9;8.2;3341151;RSZ0115;Coesivo III;
CPGâą 311;SILTEXÂź Microtesturizzate;Moderato;Bassa;235;12;10.7;4.1;8.5;3341201;RSZ0120;Coesivo III;
CPGâą 311;SILTEXÂź Microtesturizzate;Moderato;Bassa;270;12.5;11.2;4.2;8.8;3341251;RSZ0125;Coesivo III;
CPGâą 311;SILTEXÂź Microtesturizzate;Moderato;Bassa;300;13;11.6;4.4;9.2;3341301;RSZ0130;Coesivo III;
CPGâą 311;SILTEXÂź Microtesturizzate;Moderato;Bassa;335;13.5;12;4.6;9.5;3341351;RSZ0135;Coesivo III;
CPGâą 311;SILTEXÂź Microtesturizzate;Moderato;Bassa;375;14;12.5;4.7;9.8;3341401;RSZ0140;Coesivo III;
CPGâą 311;SILTEXÂź Microtesturizzate;Moderato;Bassa;415;14.5;12.9;4.9;10.1;3341451;RSZ0145;Coesivo III;
CPGâą 311;SILTEXÂź Microtesturizzate;Moderato;Bassa;460;15;13.4;5.1;10.5;3341501;RSZ0150;Coesivo III;
CPGâą 311;SILTEXÂź Microtesturizzate;Moderato;Bassa;510;15.5;13.8;5.2;10.8;3341551;RSZ0155;Coesivo III;
CPGâą 311;SILTEXÂź Microtesturizzate;Moderato;Bassa;560;16;14.3;5.4;11.1;3341601;RSZ0160;Coesivo III;
CPGâą 311;SILTEXÂź Microtesturizzate;Moderato;Bassa;615;16.5;14.7;5.6;11.4;3341651;RSZ0165;Coesivo III;
CPGâą 312;SILTEXÂź Microtesturizzate;Moderato Plus;Bassa;125;9;8;3.8;7.2;3340907;RSZ0907;Coesivo III;
CPGâą 312;SILTEXÂź Microtesturizzate;Moderato Plus;Bassa;145;9.5;8.4;4;7.5;3340957;RSZ0957;Coesivo III;
CPGâą 312;SILTEXÂź Microtesturizzate;Moderato Plus;Bassa;170;10;8.8;4.2;7.9;3341007;RSZ1007;Coesivo III;
CPGâą 312;SILTEXÂź Microtesturizzate;Moderato Plus;Bassa;195;10.5;9.3;4.4;8.3;3341057;RSZ1057;Coesivo III;
CPGâą 312;SILTEXÂź Microtesturizzate;Moderato Plus;Bassa;225;11;9.7;4.7;8.6;3341107;RSZ1107;Coesivo III;
CPGâą 312;SILTEXÂź Microtesturizzate;Moderato Plus;Bassa;255;11.5;10.2;4.9;9.0;3341157;RSZ1157;Coesivo III;
CPGâą 312;SILTEXÂź Microtesturizzate;Moderato Plus;Bassa;290;12;10.6;5.1;9.3;3341207;RSZ1207;Coesivo III;
CPGâą 312;SILTEXÂź Microtesturizzate;Moderato Plus;Bassa;330;12.5;11.1;5.3;9.7;3341257;RSZ1257;Coesivo III;
CPGâą 312;SILTEXÂź Microtesturizzate;Moderato Plus;Bassa;370;13;11.5;5.5;10.0;3341307;RSZ1307;Coesivo III;
CPGâą 312;SILTEXÂź Microtesturizzate;Moderato Plus;Bassa;415;13.5;11.9;5.7;10.4;3341357;RSZ1357;Coesivo III;
CPGâą 312;SILTEXÂź Microtesturizzate;Moderato Plus;Bassa;465;14;12.4;5.9;10.8;3341407;RSZ1407;Coesivo III;
CPGâą 312;SILTEXÂź Microtesturizzate;Moderato Plus;Bassa;515;14.5;12.8;6.1;11.1;3341457;RSZ1457;Coesivo III;
CPGâą 312;SILTEXÂź Microtesturizzate;Moderato Plus;Bassa;570;15;13.3;6.3;11.5;3341507;RSZ1507;Coesivo III;
CPGâą 312;SILTEXÂź Microtesturizzate;Moderato Plus;Bassa;690;16;14.2;6.8;12.2;3341607;RSZ1607;Coesivo III;
CPGâą 313;SILTEXÂź Microtesturizzate;Alto;Bassa;130;9;8.1;4.4;7.6;3340906;RSZ0906;Coesivo III;
CPGâą 313;SILTEXÂź Microtesturizzate;Alto;Bassa;155;9.5;8.6;4.5;7.8;3340956;RSZ0956;Coesivo III;
CPGâą 313;SILTEXÂź Microtesturizzate;Alto;Bassa;180;10;9;4.6;8.3;3341006;RSZ1006;Coesivo III;
CPGâą 313;SILTEXÂź Microtesturizzate;Alto;Bassa;210;10.5;9.5;4.8;8.7;3341056;RSZ1056;Coesivo III;
CPGâą 313;SILTEXÂź Microtesturizzate;Alto;Bassa;240;11;9.9;4.9;9.1;3341106;RSZ1106;Coesivo III;
CPGâą 313;SILTEXÂź Microtesturizzate;Alto;Bassa;270;11.5;10.3;5;9.5;3341156;RSZ1156;Coesivo III;
CPGâą 313;SILTEXÂź Microtesturizzate;Alto;Bassa;310;12;10.8;5.2;9.9;3341206;RSZ1206;Coesivo III;
CPGâą 313;SILTEXÂź Microtesturizzate;Alto;Bassa;350;12.5;11.2;5.4;10.2;3341256;RSZ1256;Coesivo III;
CPGâą 313;SILTEXÂź Microtesturizzate;Alto;Bassa;395;13;11.7;5.6;10.6;3341306;RSZ1306;Coesivo III;
CPGâą 313;SILTEXÂź Microtesturizzate;Alto;Bassa;440;13.5;12.2;5.8;11.0;3341356;RSZ1356;Coesivo III;
CPGâą 313;SILTEXÂź Microtesturizzate;Alto;Bassa;490;14;12.6;6.1;11.4;3341406;RSZ1406;Coesivo III;
CPGâą 313;SILTEXÂź Microtesturizzate;Alto;Bassa;545;14.5;13.1;6.3;11.7;3341456;RSZ1456;Coesivo III;
CPGâą 313;SILTEXÂź Microtesturizzate;Alto;Bassa;605;15;13.5;6.6;12.1;3341506;RSZ1506;Coesivo III;
CPGâą 321;SILTEXÂź Microtesturizzate;Moderato;Media;120;9;8.5;3.3;7.0;3540908;RSZ0908;Coesivo III;
CPGâą 321;SILTEXÂź Microtesturizzate;Moderato;Media;135;9.5;8.9;3.5;7.3;3540958;RSZ0958;Coesivo III;
CPGâą 321;SILTEXÂź Microtesturizzate;Moderato;Media;155;10;9.4;3.7;7.7;3541008;RSZ1008;Coesivo III;
CPGâą 321;SILTEXÂź Microtesturizzate;Moderato;Media;180;10.5;9.9;3.8;8.0;3541058;RSZ1058;Coesivo III;
CPGâą 321;SILTEXÂź Microtesturizzate;Moderato;Media;215;11;10.3;3.9;8.2;3541108;RSZ1108;Coesivo III;
CPGâą 321;SILTEXÂź Microtesturizzate;Moderato;Media;245;11.5;10.8;4;8.6;3541158;RSZ1158;Coesivo III;
CPGâą 321;SILTEXÂź Microtesturizzate;Moderato;Media;280;12;11.3;4.2;8.9;3541208;RSZ1208;Coesivo III;
CPGâą 321;SILTEXÂź Microtesturizzate;Moderato;Media;315;12.5;11.8;4.4;9.2;3541258;RSZ1258;Coesivo III;
CPGâą 321;SILTEXÂź Microtesturizzate;Moderato;Media;355;13;12.2;4.6;9.6;3541308;RSZ1308;Coesivo III;
CPGâą 321;SILTEXÂź Microtesturizzate;Moderato;Media;395;13.5;12.7;4.7;9.9;3541358;RSZ1358;Coesivo III;
CPGâą 321;SILTEXÂź Microtesturizzate;Moderato;Media;440;14;13.2;4.9;10.3;3541408;RSZ1408;Coesivo III;
CPGâą 321;SILTEXÂź Microtesturizzate;Moderato;Media;480;14.5;13.3;5;10.5;3541458;RSZ1458;Coesivo III;
CPGâą 321;SILTEXÂź Microtesturizzate;Moderato;Media;530;15;14.1;5.2;10.9;3541508;RSZ1508;Coesivo III;
CPGâą 321;SILTEXÂź Microtesturizzate;Moderato;Media;640;16;15;5.6;11.5;3541608;RSZ1608;Coesivo III;
CPGâą 321;SILTEXÂź Microtesturizzate;Moderato;Media;775;17;16;5.9;12.2;3541708;RSZ1708;Coesivo III;
CPGâą 322;SILTEXÂź Microtesturizzate;Moderato Plus;Media;140;9;8.5;3.8;7.6;3340905;RSZ0905;Coesivo III;
CPGâą 322;SILTEXÂź Microtesturizzate;Moderato Plus;Media;165;9.5;8.9;4;8.0;3340955;RSZ0955;Coesivo III;
CPGâą 322;SILTEXÂź Microtesturizzate;Moderato Plus;Media;195;10;9.4;4.2;8.4;3341005;RSZ1005;Coesivo III;
CPGâą 322;SILTEXÂź Microtesturizzate;Moderato Plus;Media;225;10.5;9.9;4.4;8.8;3341055;RSZ1055;Coesivo III;
CPGâą 322;SILTEXÂź Microtesturizzate;Moderato Plus;Media;255;11;10.3;4.7;9.2;3341105;RSZ1105;Coesivo III;
CPGâą 322;SILTEXÂź Microtesturizzate;Moderato Plus;Media;295;11.5;10.8;4.9;9.5;3341155;RSZ1155;Coesivo III;
CPGâą 322;SILTEXÂź Microtesturizzate;Moderato Plus;Media;330;12;11.3;5.1;9.9;3341205;RSZ1205;Coesivo III;
CPGâą 322;SILTEXÂź Microtesturizzate;Moderato Plus;Media;375;12.5;11.8;5.3;10.3;3341255;RSZ1255;Coesivo III;
CPGâą 322;SILTEXÂź Microtesturizzate;Moderato Plus;Media;420;13;12.2;5.5;10.7;3341305;RSZ1305;Coesivo III;
CPGâą 322;SILTEXÂź Microtesturizzate;Moderato Plus;Media;475;13.5;12.7;5.7;11.1;3341355;RSZ1355;Coesivo III;
CPGâą 322;SILTEXÂź Microtesturizzate;Moderato Plus;Media;525;14;13.2;5.9;11.4;3341405;RSZ1405;Coesivo III;
CPGâą 322;SILTEXÂź Microtesturizzate;Moderato Plus;Media;585;14.5;13.6;6.1;11.8;3341455;RSZ1455;Coesivo III;
CPGâą 322;SILTEXÂź Microtesturizzate;Moderato Plus;Media;650;15;14.1;6.3;12.2;3341505;RSZ1505;Coesivo III;
CPGâą 323;SILTEXÂź Microtesturizzate;Alto;Media;165;9;8.5;4.6;8.1;3340902;RSZ0902;Coesivo III;
CPGâą 323;SILTEXÂź Microtesturizzate;Alto;Media;195;9.5;8.9;4.8;8.5;3340952;RSZ0952;Coesivo III;
CPGâą 323;SILTEXÂź Microtesturizzate;Alto;Media;225;10;9.4;5.1;8.9;3341002;RSZ1002;Coesivo III;
CPGâą 323;SILTEXÂź Microtesturizzate;Alto;Media;260;10.5;9.9;5.3;9.3;3341052;RSZ1052;Coesivo III;
CPGâą 323;SILTEXÂź Microtesturizzate;Alto;Media;300;11;10.3;5.6;9.7;3341102;RSZ1102;Coesivo III;
CPGâą 323;SILTEXÂź Microtesturizzate;Alto;Media;345;11.5;10.8;5.8;10.1;3341152;RSZ1152;Coesivo III;
CPGâą 323;SILTEXÂź Microtesturizzate;Alto;Media;390;12;11.3;6;10.5;3341202;RSZ1202;Coesivo III;
CPGâą 323;SILTEXÂź Microtesturizzate;Alto;Media;440;12.5;11.8;6.2;10.9;3341252;RSZ1252;Coesivo III;
CPGâą 323;SILTEXÂź Microtesturizzate;Alto;Media;495;13;12.2;6.5;11.3;3341302;RSZ1302;Coesivo III;
CPGâą 323;SILTEXÂź Microtesturizzate;Alto;Media;555;13.5;12.7;6.7;11.8;3341352;RSZ1352;Coesivo III;
CPGâą 323;SILTEXÂź Microtesturizzate;Alto;Media;620;14;13.2;6.9;12.2;3341402;RSZ1402;Coesivo III;
CPGâą 323;SILTEXÂź Microtesturizzate;Alto;Media;685;14.5;13.6;7.1;12.6;3341452;RSZ1452;Coesivo III;
CPGâą 331;SILTEXÂź Microtesturizzate;Moderato;Alta;125;9;9.2;3.2;7.3;3340903;RSZ0903;Coesivo III;
CPGâą 331;SILTEXÂź Microtesturizzate;Moderato;Alta;150;9.5;9.7;3.3;7.7;3340953;RSZ0953;Coesivo III;
CPGâą 331;SILTEXÂź Microtesturizzate;Moderato;Alta;175;10;10.2;3.4;8.1;3341003;RSZ1003;Coesivo III;
CPGâą 331;SILTEXÂź Microtesturizzate;Moderato;Alta;200;10.5;10.7;3.5;8.4;3341053;RSZ1053;Coesivo III;
CPGâą 331;SILTEXÂź Microtesturizzate;Moderato;Alta;230;11;11.3;3.6;8.8;3341103;RSZ1103;Coesivo III;
CPGâą 331;SILTEXÂź Microtesturizzate;Moderato;Alta;265;11.5;11.8;3.7;9.1;3341153;RSZ1153;Coesivo III;
CPGâą 331;SILTEXÂź Microtesturizzate;Moderato;Alta;300;12;12.3;3.9;9.5;3341203;RSZ1203;Coesivo III;
CPGâą 331;SILTEXÂź Microtesturizzate;Moderato;Alta;340;12.5;12.8;4;9.9;3341253;RSZ1253;Coesivo III;
CPGâą 331;SILTEXÂź Microtesturizzate;Moderato;Alta;380;13;13.3;4.1;10.2;3341303;RSZ1303;Coesivo III;
CPGâą 331;SILTEXÂź Microtesturizzate;Moderato;Alta;425;13.5;13.8;4.3;10.6;3341353;RSZ1353;Coesivo III;
CPGâą 331;SILTEXÂź Microtesturizzate;Moderato;Alta;475;14;14.3;4.5;11.0;3341403;RSZ1403;Coesivo III;
CPGâą 331;SILTEXÂź Microtesturizzate;Moderato;Alta;530;14.5;14.8;4.6;11.3;3341453;RSZ1453;Coesivo III;
CPGâą 331;SILTEXÂź Microtesturizzate;Moderato;Alta;585;15;15.3;4.8;11.7;3341503;RSZ1503;Coesivo III;
CPGâą 331;SILTEXÂź Microtesturizzate;Moderato;Alta;645;15.5;15.9;5;12.1;3341553;RSZ1553;Coesivo III;
CPGâą 332;SILTEXÂź Microtesturizzate;Moderato Plus;Alta;145;9;9.4;3.8;8.1;3340909;RSZ0909;Coesivo III;
CPGâą 332;SILTEXÂź Microtesturizzate;Moderato Plus;Alta;175;9.5;9.9;4;8.5;3340959;RSZ0959;Coesivo III;
CPGâą 332;SILTEXÂź Microtesturizzate;Moderato Plus;Alta;205;10;10.4;4.2;8.9;3341009;RSZ1009;Coesivo III;
CPGâą 332;SILTEXÂź Microtesturizzate;Moderato Plus;Alta;235;10.5;10.9;4.4;9.3;3341059;RSZ1059;Coesivo III;
CPGâą 332;SILTEXÂź Microtesturizzate;Moderato Plus;Alta;270;11;11.5;4.7;9.7;3341109;RSZ1109;Coesivo III;
CPGâą 332;SILTEXÂź Microtesturizzate;Moderato Plus;Alta;305;11.5;12;4.9;10.1;3341159;RSZ1159;Coesivo III;
CPGâą 332;SILTEXÂź Microtesturizzate;Moderato Plus;Alta;350;12;12.5;5.1;10.5;3341209;RSZ1209;Coesivo III;
CPGâą 332;SILTEXÂź Microtesturizzate;Moderato Plus;Alta;395;12.5;13;5.3;10.9;3341259;RSZ1259;Coesivo III;
CPGâą 332;SILTEXÂź Microtesturizzate;Moderato Plus;Alta;445;13;13.5;5.5;11.3;3341309;RSZ1309;Coesivo III;
CPGâą 332;SILTEXÂź Microtesturizzate;Moderato Plus;Alta;495;13.5;14.1;5.7;11.7;3341359;RSZ1359;Coesivo III;
CPGâą 332;SILTEXÂź Microtesturizzate;Moderato Plus;Alta;555;14;14.6;5.9;12.1;3341409;RSZ1409;Coesivo III;
CPGâą 332;SILTEXÂź Microtesturizzate;Moderato Plus;Alta;615;14.5;15.1;6.1;12.6;3341459;RSZ1459;Coesivo III;
CPGâą 332;SILTEXÂź Microtesturizzate;Moderato Plus;Alta;680;15;15.6;6.3;13.0;3341509;RSZ1509;Coesivo III;
CPGâą 333;SILTEXÂź Microtesturizzate;Alto;Alta;180;9;9.4;4.6;8.4;3340904;RSZ4090;Coesivo III;
CPGâą 333;SILTEXÂź Microtesturizzate;Alto;Alta;215;9.5;9.9;4.8;8.8;3340954;RSZ4095;Coesivo III;
CPGâą 333;SILTEXÂź Microtesturizzate;Alto;Alta;250;10;10.4;5.1;9.3;3341004;RSZ4100;Coesivo III;
CPGâą 333;SILTEXÂź Microtesturizzate;Alto;Alta;290;10.5;10.9;5.3;9.7;3341054;RSZ4105;Coesivo III;
CPGâą 333;SILTEXÂź Microtesturizzate;Alto;Alta;330;11;11.5;5.6;10.1;3341104;RSZ4110;Coesivo III;
CPGâą 333;SILTEXÂź Microtesturizzate;Alto;Alta;380;11.5;12;5.8;10.5;3341154;RSZ4115;Coesivo III;
CPGâą 333;SILTEXÂź Microtesturizzate;Alto;Alta;430;12;12.5;6;11.0;3341204;RSZ4120;Coesivo III;
CPGâą 333;SILTEXÂź Microtesturizzate;Alto;Alta;485;12.5;13;6.2;11.4;3341254;RSZ4125;Coesivo III;
CPGâą 333;SILTEXÂź Microtesturizzate;Alto;Alta;545;13;13.5;6.5;11.8;3341304;RSZ4130;Coesivo III;
CPGâą 333;SILTEXÂź Microtesturizzate;Alto;Alta;610;13.5;14.1;6.7;12.2;3341354;RSZ4135;Coesivo III;
CPGâą 333;SILTEXÂź Microtesturizzate;Alto;Alta;680;14;14.6;6.9;12.7;3341404;RSZ4140;Coesivo III;
CPGâą 333;SILTEXÂź Microtesturizzate;Alto;Alta;755;14.5;15.1;7.1;13.1;3341454;RSZ4145;Coesivo III;
BECKERâą 25 SILTEXÂź;SILTEXÂź Microtesturizzate;Rotonda;Rotonda;150;10.7;-;2.4;-;3541500;-;Coesivo I;
BECKERâą 25 SILTEXÂź;SILTEXÂź Microtesturizzate;Rotonda;Rotonda;200;11.6;-;2.7;-;3542000;-;Coesivo I;
BECKERâą 25 SILTEXÂź;SILTEXÂź Microtesturizzate;Rotonda;Rotonda;250;12.1;-;3;-;3542500;-;Coesivo I;
BECKERâą 25 SILTEXÂź;SILTEXÂź Microtesturizzate;Rotonda;Rotonda;300;12.9;-;3;-;3543000;-;Coesivo I;
BECKERâą 25 SILTEXÂź;SILTEXÂź Microtesturizzate;Rotonda;Rotonda;350;14.1;-;3;-;3543500;-;Coesivo I;
BECKERâą 25 SILTEXÂź;SILTEXÂź Microtesturizzate;Rotonda;Rotonda;400;13.9;-;3.4;-;3544000;-;Coesivo I;
BECKERâą 25 SILTEXÂź;SILTEXÂź Microtesturizzate;Rotonda;Rotonda;500;14.7;-;3.7;-;3545000;-;Coesivo I;
BECKERâą 25 SILTEXÂź;SILTEXÂź Microtesturizzate;Rotonda;Rotonda;600;15.6;-;4.2;-;3546000;-;Coesivo I;
BECKERâą 25 SILTEXÂź;SILTEXÂź Microtesturizzate;Rotonda;Rotonda;700;16.8;-;4.3;-;3547000;-;Coesivo I;
BECKERâą 25 SILTEXÂź;SILTEXÂź Microtesturizzate;Rotonda;Rotonda;800;17.2;-;4.6;-;3548000;-;Coesivo I;
BECKERâą 35 SILTEXÂź;SILTEXÂź Microtesturizzate;Anatomica;Media;145;9.5;-;4.2;-;3240955;-;Coesivo II;
BECKERâą 35 SILTEXÂź;SILTEXÂź Microtesturizzate;Anatomica;Media;195;10.5;-;4.6;-;3241055;-;Coesivo II;
BECKERâą 35 SILTEXÂź;SILTEXÂź Microtesturizzate;Anatomica;Media;255;11.5;-;5.1;-;3241155;-;Coesivo II;
BECKERâą 35 SILTEXÂź;SILTEXÂź Microtesturizzate;Anatomica;Media;290;12;-;5.3;-;3241205;-;Coesivo II;
BECKERâą 35 SILTEXÂź;SILTEXÂź Microtesturizzate;Anatomica;Media;325;12.5;-;5.5;-;3241255;-;Coesivo II;
BECKERâą 35 SILTEXÂź;SILTEXÂź Microtesturizzate;Anatomica;Media;365;13;-;5.7;-;3241305;-;Coesivo II;
BECKERâą 35 SILTEXÂź;SILTEXÂź Microtesturizzate;Anatomica;Media;400;13.5;-;5.9;-;3241355;-;Coesivo II;
BECKERâą 35 SILTEXÂź;SILTEXÂź Microtesturizzate;Anatomica;Media;460;14;-;6.2;-;3241405;-;Coesivo II;
BECKERâą 35 SILTEXÂź;SILTEXÂź Microtesturizzate;Anatomica;Media;565;15;-;6.6;-;3241505;-;Coesivo II;
BECKERâą 35 SILTEXÂź;SILTEXÂź Microtesturizzate;Anatomica;Media;685;16;-;7;-;3241605;-;Coesivo II;
Espansore CPXÂź4;SILTEXÂź Microtesturizzate;Espansore;Bassa;250;11.4;-;6.1;-;3549121;-;Salina;
Espansore CPXÂź4;SILTEXÂź Microtesturizzate;Espansore;Bassa;250;11.4;-;6.1;-;3548121;-;Salina;
Espansore CPXÂź4;SILTEXÂź Microtesturizzate;Espansore;Bassa;350;12.7;-;6.5;-;3549122;-;Salina;
Espansore CPXÂź4;SILTEXÂź Microtesturizzate;Espansore;Bassa;350;12.7;-;6.5;-;3548122;-;Salina;
Espansore CPXÂź4;SILTEXÂź Microtesturizzate;Espansore;Bassa;450;14;-;7.1;-;3549123;-;Salina;
Espansore CPXÂź4;SILTEXÂź Microtesturizzate;Espansore;Bassa;450;14;-;7.1;-;3548123;-;Salina;
Espansore CPXÂź4;SILTEXÂź Microtesturizzate;Espansore;Bassa;550;15;-;7.4;-;3549124;-;Salina;
Espansore CPXÂź4;SILTEXÂź Microtesturizzate;Espansore;Bassa;550;15;-;7.4;-;3548124;-;Salina;
Espansore CPXÂź4;SILTEXÂź Microtesturizzate;Espansore;Bassa;650;15.7;-;7.9;-;3549125;-;Salina;
Espansore CPXÂź4;SILTEXÂź Microtesturizzate;Espansore;Bassa;650;15.7;-;7.9;-;3548125;-;Salina;
Espansore CPXÂź4;SILTEXÂź Microtesturizzate;Espansore;Media;275;10.7;-;6.2;-;3549221;-;Salina;
Espansore CPXÂź4;SILTEXÂź Microtesturizzate;Espansore;Media;275;10.7;-;6.2;-;3548221;-;Salina;
Espansore CPXÂź4;SILTEXÂź Microtesturizzate;Espansore;Media;350;11.7;-;6.6;-;3549222;-;Salina;
Espansore CPXÂź4;SILTEXÂź Microtesturizzate;Espansore;Media;350;11.7;-;6.6;-;3548222;-;Salina;
Espansore CPXÂź4;SILTEXÂź Microtesturizzate;Espansore;Media;450;12.7;-;7;-;3549223;-;Salina;
Espansore CPXÂź4;SILTEXÂź Microtesturizzate;Espansore;Media;450;12.7;-;7;-;3548223;-;Salina;
Espansore CPXÂź4;SILTEXÂź Microtesturizzate;Espansore;Media;550;13.5;-;7.4;-;3549224;-;Salina;
Espansore CPXÂź4;SILTEXÂź Microtesturizzate;Espansore;Media;550;13.5;-;7.4;-;3548224;-;Salina;
Espansore CPXÂź4;SILTEXÂź Microtesturizzate;Espansore;Media;650;14.6;-;7.6;-;3549225;-;Salina;
Espansore CPXÂź4;SILTEXÂź Microtesturizzate;Espansore;Media;650;14.6;-;7.6;-;3548225;-;Salina;
Espansore CPXÂź4;SILTEXÂź Microtesturizzate;Espansore;Media;800;15.6;-;8;-;3549226;-;Salina;
Espansore CPXÂź4;SILTEXÂź Microtesturizzate;Espansore;Media;800;15.6;-;8;-;3548226;-;Salina;
Espansore CPXÂź4;SILTEXÂź Microtesturizzate;Espansore;Alta;250;10.1;-;5.6;-;3549321;-;Salina;
Espansore CPXÂź4;SILTEXÂź Microtesturizzate;Espansore;Alta;250;10.1;-;5.6;-;3548321;-;Salina;
Espansore CPXÂź4;SILTEXÂź Microtesturizzate;Espansore;Alta;350;11.3;-;6;-;3549322;-;Salina;
Espansore CPXÂź4;SILTEXÂź Microtesturizzate;Espansore;Alta;350;11.3;-;6;-;3548322;-;Salina;
Espansore CPXÂź4;SILTEXÂź Microtesturizzate;Espansore;Alta;450;12.3;-;6.5;-;3549323;-;Salina;
Espansore CPXÂź4;SILTEXÂź Microtesturizzate;Espansore;Alta;450;12.3;-;6.5;-;3548323;-;Salina;
Espansore CPXÂź4;SILTEXÂź Microtesturizzate;Espansore;Alta;550;13.2;-;6.9;-;3549324;-;Salina;
Espansore CPXÂź4;SILTEXÂź Microtesturizzate;Espansore;Alta;550;13.2;-;6.9;-;3548324;-;Salina;
Espansore CPXÂź4;SILTEXÂź Microtesturizzate;Espansore;Alta;650;14;-;7.3;-;3549325;-;Salina;
Espansore CPXÂź4;SILTEXÂź Microtesturizzate;Espansore;Alta;650;14;-;7.3;-;3548325;-;Salina;
Espansore CPXÂź4;SILTEXÂź Microtesturizzate;Espansore;Alta;750;14.6;-;7.6;-;3549326;-;Salina;
Espansore CPXÂź4;SILTEXÂź Microtesturizzate;Espansore;Alta;750;14.6;-;7.6;-;3548326;-;Salina;
Espansore CPXÂź4;SILTEXÂź Microtesturizzate;Espansore;Alta;850;15.4;-;7.9;-;3549327;-;Salina;
Espansore CPXÂź4;SILTEXÂź Microtesturizzate;Espansore;Alta;850;15.4;-;7.9;-;3548327;-;Salina;
Espansore Liscio Rotondo;Lisce;Rotonda;Rotonda;400;11.3;-;5.9;-;3504305M;-;Salina;
Espansore Liscio Rotondo;Lisce;Rotonda;Rotonda;550;13.4;-;5.8;-;3504307M;-;Salina;
Espansore Liscio Rotondo;Lisce;Rotonda;Rotonda;700;14.6;-;6.7;-;3504304M;-;Salina;
Espansore Liscio Rotondo;Lisce;Rotonda;Rotonda;850;15;-;7.2;-;3504308M;-;Salina;
Espansore Liscio Mezzaluna;Lisce;Mezzaluna;Media;50;9;-;2.7;-;3504312M;-;Salina;
Espansore Liscio Mezzaluna;Lisce;Mezzaluna;Media;100;6.9;-;3.7;-;3504313M;-;Salina;
Espansore Liscio Mezzaluna;Lisce;Mezzaluna;Media;200;14.6;-;4.3;-;3504314M;-;Salina;
Espansore Liscio Mezzaluna;Lisce;Mezzaluna;Media;300;16.5;-;4.7;-;3504315M;-;Salina;
Espansore Liscio Mezzaluna;Lisce;Mezzaluna;Media;400;18.2;-;5.2;-;3504316M;-;Salina;
Espansore Liscio Mezzaluna;Lisce;Mezzaluna;Media;500;19.6;-;5.5;-;3504317M;-;Salina;
Espansore Liscio Rettangolare;Lisce;Rettangolare;Media;50;6.9;-;3.2;-;3504309M;-;Salina;
Espansore Liscio Rettangolare;Lisce;Rettangolare;Media;100;6.6;-;5.6;-;3504301M;-;Salina;
Espansore Liscio Rettangolare;Lisce;Rettangolare;Media;250;7.3;-;5.6;-;3504302M;-;Salina;
Espansore Liscio Rettangolare;Lisce;Rettangolare;Media;400;10.6;-;6.6;-;3504303M;-;Salina;
Espansore Liscio Rettangolare;Lisce;Rettangolare;Media;550;13.7;-;7.7;-;3504310M;-;Salina;
Espansore Liscio Rettangolare;Lisce;Rettangolare;Media;700;15;-;7.9;-;3504311M;-;Salina;
Espansore Liscio Ellittico;Lisce;Ellittica;Media;25;6;-;2.3;-;3505301M;-;Salina;
Espansore Liscio Ellittico;Lisce;Ellittica;Media;50;8;-;2.5;-;3505302M;-;Salina;
Espansore Liscio Ellittico;Lisce;Ellittica;Media;75;10;-;2.1;-;3505303M;-;Salina;
Espansore Liscio Ellittico;Lisce;Ellittica;Media;150;12;-;3.2;-;3505304M;-;Salina;
Espansore Liscio Ellittico;Lisce;Ellittica;Media;250;14;-;4.5;-;3505305M;-;Salina;
